{ 
    
    "firefly": [
        
        {
            "density": 2, "friction": 0, "bounce": 0, 
            "filter": { "categoryBits": 1, "maskBits": 65535 },
            "shape": [   105, 74  ,  49, 12  ,  72, 12  ,  90.15625, 16.21875  ,  115, 56  ,  120, 75  ]
        } ,
        {
            "density": 2, "friction": 0, "bounce": 0, 
            "filter": { "categoryBits": 1, "maskBits": 65535 },
            "shape": [   115, 56  ,  90.15625, 16.21875  ,  107, 25  ,  122, 41  ,  124, 50  ]
        } ,
        {
            "density": 2, "friction": 0, "bounce": 0, 
            "filter": { "categoryBits": 1, "maskBits": 65535 },
            "shape": [   72, 12  ,  49, 12  ,  49, 5  ,  71, 2  ]
        } ,
        {
            "density": 2, "friction": 0, "bounce": 0, 
            "filter": { "categoryBits": 1, "maskBits": 65535 },
            "shape": [   13, 54  ,  22, 21  ,  49, 12  ,  22, 85  ,  9, 83  ]
        } ,
        {
            "density": 2, "friction": 0, "bounce": 0, 
            "filter": { "categoryBits": 1, "maskBits": 65535 },
            "shape": [   2, 41  ,  22, 21  ,  13, 54  ,  4, 49  ]
        } ,
        {
            "density": 2, "friction": 0, "bounce": 0, 
            "filter": { "categoryBits": 1, "maskBits": 65535 },
            "shape": [   22, 85  ,  49, 12  ,  105, 74  ,  104, 91  ,  72, 120  ,  55, 120  ,  32, 107  ]
        } ,
        {
            "density": 2, "friction": 0, "bounce": 0, 
            "filter": { "categoryBits": 1, "maskBits": 65535 },
            "shape": [   72, 120  ,  104, 91  ,  95, 107  ]
        }
    ]
}
